{
  "providers": {
    "awscloudformation": {
      "AuthRoleName": "amplify-plattano-dev-204334-authRole",
      "UnauthRoleArn": "arn:aws:iam::692518643528:role/amplify-plattano-dev-204334-unauthRole",
      "AuthRoleArn": "arn:aws:iam::692518643528:role/amplify-plattano-dev-204334-authRole",
      "Region": "us-east-1",
      "DeploymentBucketName": "amplify-plattano-dev-204334-deployment",
      "UnauthRoleName": "amplify-plattano-dev-204334-unauthRole",
      "StackName": "amplify-plattano-dev-204334",
      "StackId": "arn:aws:cloudformation:us-east-1:692518643528:stack/amplify-plattano-dev-204334/ac328a10-4ee6-11eb-be4b-0a279eeb3bc1",
      "AmplifyAppId": "d2aogvgdcq5yxv"
    }
  },
  "hosting": {
    "amplifyhosting": {
      "service": "amplifyhosting",
      "providerPlugin": "awscloudformation",
      "type": "manual",
      "output": {},
      "lastPushTimeStamp": "2023-02-23T18:52:51.829Z",
      "providerMetadata": {
        "s3TemplateURL": "https://s3.amazonaws.com/amplify-plattano-dev-204334-deployment/amplify-cfn-templates/hosting/amplifyhosting-template.json",
        "logicalId": "hostingamplifyhosting"
      },
      "lastPushDirHash": "e1evW+qiqAiMlhCE8d9YaQTXPPg="
    }
  }
}