{
  "features": {
    "graphqltransformer": {
      "addmissingownerfields": true,
      "validatetypenamereservedwords": true,
      "useexperimentalpipelinedtransformer": false,
      "enableiterativegsiupdates": false,
      "securityEnhancementNotification": false,
      "showfieldauthnotification": false
    },
    "frontend-ios": {
      "enablexcodeintegration": true
    },
    "auth": {
      "enablecaseinsensitivity": true
    },
    "codegen": {
      "useappsyncmodelgenplugin": true
    }
  },
  "debug": {
    "shareProjectConfig": false
  }
}